,1,2,3,4,5,6
0,Part 1 - Linear Regression,"Group name:
Tensorflow Certification Group • New York, NY","TUE, MAY 17 · 2:00 AM UTC+2",2 attendees,No place left,https://www.meetup.com/new-york-machine-learning-meetup-group/events/285903242
1,(Free) Mini-Class: Three Things to Consider Before Writing Your Non-Fiction Book,"Group name:
The Open Book Community - Writing + Book Coaching • Montclair, NJ","MON, MAY 16 · 6:00 PM UTC+2",11 attendees,No place left,https://www.meetup.com/the-open-book-company-writing-workshops/events/285573532
2,Weekly Accountability Group,"Group name:
More is Possible • Bridgewater, NJ","MON, MAY 16 · 6:00 PM UTC+2",5 attendees,5 spots left,https://www.meetup.com/more-is-possible/events/285523267
3,CryptoMondays & DGH Events Networking After Party at The Security Token Summit,"Group name:
CryptoMondays NYC • New York, NY","TUE, MAY 17 · 12:00 AM UTC+2",265 attendees,No place left,https://www.meetup.com/cryptomondaysnyc/events/285443224
4,Create an (ETH) ERC-20 Based Token,"Group name:
NYC Developing Crypto and the Blockchain • New York, NY","TUE, MAY 17 · 12:30 AM UTC+2",82 attendees,No place left,https://www.meetup.com/nyc-developing-crypto-and-the-blockchain/events/284003922
5,Building a Modern Data Analytics Stack in an hour (online),"Group name:
Data Workshops • New York, NY","TUE, MAY 17 · 12:30 AM UTC+2",42 attendees,No place left,https://www.meetup.com/Data-Workshops/events/285801814
6,"Learn You Github Actions, Then Portfolio SECRETS!","Group name:
NYC Bootcampers Anonymous • New York, NY","TUE, MAY 17 · 12:30 AM UTC+2",62 attendees,No place left,https://www.meetup.com/NYC-Bootcampers-Anonymous/events/284938432
7,Open Theater Meetup Groups,"Group name:
New York Acting Training Meetup Group • New York, NY","TUE, MAY 17 · 12:30 AM UTC+2",15 attendees,No place left,https://www.meetup.com/new-york-acting-training-meetup-group/events/285525334
8,Session 1 for Finding DND Friends,"Group name:
Free DND (please be nice) • New York, NY","TUE, MAY 17 · 1:00 AM UTC+2",13 attendees,No place left,https://www.meetup.com/free-dnd-please-be-nice/events/285811423
9,''DANCE TO YOUR OWN DRUM BEAT'' - LUNAR ECLIPSE DANCE PRACTICE,"Group name:
Shamanic Club • Edgewater, NJ","TUE, MAY 17 · 1:00 AM UTC+2",34 attendees,No place left,https://www.meetup.com/Edgewater-ShamanicClub/events/285659264
10,Draw Together at Radegast Hall,"Group name:
Williamsburg Art Club • New York, NY","TUE, MAY 17 · 1:00 AM UTC+2",11 attendees,No place left,https://www.meetup.com/williamsburg-art-club/events/285860364
11,Brooklyn Heights Women's Book Club Monthly Meetup,"Group name:
Brooklyn Heights Women's Book Club • Brooklyn, NY","TUE, MAY 17 · 1:00 AM UTC+2",6 attendees,9 spots left,https://www.meetup.com/Brooklyn-Heights-Book-Club/events/282915953
12,HWU Community Writing Session,"Group name:
Harlem Writers United • New York, NY","TUE, MAY 17 · 1:00 AM UTC+2",7 attendees,No place left,https://www.meetup.com/hwunited/events/285486402
13,Monday Night Mechs #009: The Battle of Tukayyid,"Group name:
Brooklyn Battletech • Brooklyn, NY","TUE, MAY 17 · 1:00 AM UTC+2",4 attendees,No place left,https://www.meetup.com/Brooklyn-Battletech-Meetup/events/285074336
14,Switch your Career to UX Design,"Group name:
Mento Design Academy Group • New York, NY","TUE, MAY 17 · 6:00 PM UTC+2",144 attendees,No place left,https://www.meetup.com/mento-design-academy-group/events/285504755
15,Introduction to Python,"Group name:
Code Labs Academy NYC - Coding Bootcamp • New York, NY","TUE, MAY 17 · 6:00 PM UTC+2",46 attendees,No place left,https://www.meetup.com/code-labs-academy-nyc-coding-bootcamp/events/285541983
16,"Greg Brougham - Transformation, Is it a Thing?","Group name:
The Complexity Lounge • New York, NY","TUE, MAY 17 · 6:00 PM UTC+2",38 attendees,No place left,https://www.meetup.com/Complexity-Lounge/events/285677058
17,Microsoft Teams Rooms – Extending your teams journey into shared spaces,"Group name:
NYC Teams Tuesday • New York, NY","TUE, MAY 17 · 6:15 PM UTC+2",11 attendees,No place left,https://www.meetup.com/NYC-Teams-Tuesday/events/285231125
18,IN-PERSON in Prospect Park,"Group name:
Old, Weird & Don't Care Who Knows It • Brooklyn, NY","TUE, MAY 17 · 8:00 PM UTC+2",8 attendees,No place left,https://www.meetup.com/Old-Weird-Dont-Care-Who-Knows-It/events/285576064
19,Spanish and English FREE Dual Language Learning Hour,"Group name:
Double Talkers: 2 Become Bilingual • New York, NY","TUE, MAY 17 · 11:00 PM UTC+2",13 attendees,9 spots left,https://www.meetup.com/DoubleTalkers/events/285576479
20,"Discuss ""The Dakota Winters"" IN PERSON!","Group name:
Women's 'Novels of New York' Book Club • New York, NY","WED, MAY 18 · 12:00 AM UTC+2",22 attendees,No place left,https://www.meetup.com/NovelsOfNewYork/events/285114226
21,The Basics of UX UI Design,"Group name:
Ironhack New York - Tech Careers, Learning and Networking • New York, NY","WED, MAY 18 · 12:00 AM UTC+2",36 attendees,No place left,https://www.meetup.com/ironhack-new-york-tech-careers-learning-and-networking/events/285552721
22,Bitcoin Happy Hour,"Group name:
Blockchain Center • New York, NY","WED, MAY 18 · 12:00 AM UTC+2",49 attendees,No place left,https://www.meetup.com/blockchaincenter/events/284821234
23,Talk & Discussion: Accessibility 201 – Design Maturity Models,"Group name:
SDN New York Chapter (NYC Service Design Collective) • New York, NY","WED, MAY 18 · 12:00 AM UTC+2",25 attendees,No place left,https://www.meetup.com/sdnnyc/events/285697095
24,Weimar Berlin Cabaret show-2 on waitlist,"Group name:
Fabulous females seeking female friends over 50 for events • New York, NY","WED, MAY 18 · 12:20 AM UTC+2",7 attendees,No place left,https://www.meetup.com/fabulous-females-over-50-seekingFemalefriendsforevents/events/285153161
25,Micro Gathering,"Group name:
Tribes of Humanity • Brooklyn, NY","WED, MAY 18 · 12:30 AM UTC+2",4 attendees,No place left,https://www.meetup.com/tribes-of-humanity/events/285676976
26,Veil of Maya & Born of Osiris,"Group name:
Let's Go to Metal Shows • New York, NY","WED, MAY 18 · 12:30 AM UTC+2",4 attendees,7 spots left,https://www.meetup.com/lets-go-to-metal-shows/events/285489455
27,FREE Workshop on QA Automation,"Group name:
NYC: Tech Career in QA Automation and Product Management • New York, NY","WED, MAY 18 · 12:30 AM UTC+2",19 attendees,6 spots left,https://www.meetup.com/qa-productmanagement-boot-camp/events/285740652
28,Low-key Poetry Writing & Drinks Meetup (All NY Poets are Welcome)!,"Group name:
Poets of Queens NEW • Astoria, NY","WED, MAY 18 · 1:00 AM UTC+2",10 attendees,No place left,https://www.meetup.com/poets-of-queens-new/events/284865544
29,Lower East Side Socialist Monthly Meeting,"Group name:
Manhattan Socialists • New York, NY","WED, MAY 18 · 1:00 AM UTC+2",7 attendees,No place left,https://www.meetup.com/manhattan-socialists/events/285384295
30,"Deficits, Debt, and Drinks","Group name:
NYC Deficit Owls (MMT) • New York, NY","WED, MAY 18 · 1:00 AM UTC+2",7 attendees,No place left,https://www.meetup.com/Modern-Monetary-Theory-in-New-York-City/events/285322240
31,The All Star Comedy Show- A stand Up comedy show tor City Harvest!,"Group name:
New York City All Star Stand Up Comedy Show Meetup Group • New York, NY","WED, MAY 18 · 1:00 AM UTC+2",2 attendees,No place left,https://www.meetup.com/new-york-city-all-star-stand-up-comedy-show-meetup-group/events/285550909
32,Tuesday night climb at Cliffs Gowanus(+ drinks @ Wild East),"Group name:
Rock Climb + Chill in Brooklyn • Brooklyn, NY","WED, MAY 18 · 1:00 AM UTC+2",20 attendees,No place left,https://www.meetup.com/Casual-Rock-Climbing/events/285731649
33,Online Real Estate Investing,"Group name:
Queens Investing Meetup Group • Whitestone, NY","WED, MAY 18 · 1:00 AM UTC+2",24 attendees,No place left,https://www.meetup.com/Queens-Investing-Meetup-Group/events/285553741
34,What You Need to Know about OCD and the Nice Guy Syndrome,"Group name:
Integrated Men - New York • Brooklyn, NY","WED, MAY 18 · 2:00 AM UTC+2",15 attendees,No place left,https://www.meetup.com/integrated-men-new-york/events/285287434
35,Learn English in New York Manhattan !,"Group name:
Learn English in New York Manhattan • New York, NY","WED, MAY 18 · 3:00 PM UTC+2",25 attendees,No place left,https://www.meetup.com/manhattan-english-as-a-second-language-meetup-group/events/285406403
36,The ML Data Engineering Conference,"Group name:
NYC AI/ML/Data Developers Group • New York, NY","WED, MAY 18 · 5:00 PM UTC+2",633 attendees,No place left,https://www.meetup.com/aittg-nyc/events/284937857
37,Young Professional's Networking Gathering,"Group name:
Young Professional's New to NYC • New York, NY","WED, MAY 18 · 11:00 PM UTC+2",111 attendees,No place left,https://www.meetup.com/young-professionals-new-to-nyc/events/285529628
38,Working with Large Datasets as a Data Scientist (with Python),"Group name:
New York R User Group • New York, NY","WED, MAY 18 · 11:00 PM UTC+2",19 attendees,No place left,https://www.meetup.com/New-York-R-Users-Group/events/285591596
39,May Intermediate-Advanced Amazons Sellers Meetup - WE ARE BACK!!,"Group name:
New York Amazon Seller Meetup • New York, NY","THU, MAY 19 · 12:00 AM UTC+2",62 attendees,No place left,https://www.meetup.com/New-York-Amazon-Seller-Meetup/events/285392466
40,Building and Using Virtual Reality in Education,"Group name:
VR in Education • New York, NY","THU, MAY 19 · 12:00 AM UTC+2",62 attendees,No place left,https://www.meetup.com/vr-education/events/284878756
41,SEO for Beginners,"Group name:
New York SEO Meetup Group • New York, NY","THU, MAY 19 · 12:00 AM UTC+2",43 attendees,No place left,https://www.meetup.com/new-york-seo/events/285093297
42,"May 18, 2022 NYC Quantum Computing IN-PERSON Meetup","Group name:
New York Quantum Computing Meetup • New York, NY","THU, MAY 19 · 12:00 AM UTC+2",32 attendees,No place left,https://www.meetup.com/New-York-Quantum-Computing-Meetup/events/285840307
43,New Jersey Real Estate Investing Happy Hour,"Group name:
New Jersey Real Estate Investing Happy Hour • Little Ferry, NJ","THU, MAY 19 · 12:00 AM UTC+2",37 attendees,No place left,https://www.meetup.com/new-jersey-real-estate-investing-happy-hour/events/285371000
44,"NFT, Web3 and Crypto Happy Hour (Sub Topic - Project Pitches)","Group name:
New York NFT, Crypto, Web3 and Startup Meetup Group • New York, NY","THU, MAY 19 · 12:45 AM UTC+2",13 attendees,No place left,https://www.meetup.com/new-york-nft-web3-crypto-startup-meetup-group/events/285058610
45,Meet and Greet with JC Black Professionals,"Group name:
Jersey City Black Professionals • Jersey City, NJ","THU, MAY 19 · 1:00 AM UTC+2",29 attendees,No place left,https://www.meetup.com/jersey-city-black-professionals/events/285542744
46,Choose A Cuisine and Restaurant For Our First Night Out!,"Group name:
New York Food Club • New York, NY","THU, MAY 19 · 1:00 AM UTC+2",20 attendees,No place left,https://www.meetup.com/new-york-food-club/events/285819775
47,BROOKLYN Smutty Book Club - Lick by Kylie Scott,"Group name:
Brooklyn Smutty Book Club • Brooklyn, NY","THU, MAY 19 · 1:00 AM UTC+2",29 attendees,No place left,https://www.meetup.com/BROOKLYN-Smutty-Book-Club/events/285373438
48,Mens Indoor Pick-up Basketball in Long Island City,"Group name:
LICYSL - Men's Indoor Pickup Basketball in Hunters Point • Long Island City, NY","THU, MAY 19 · 1:00 AM UTC+2",11 attendees,No place left,https://www.meetup.com/LIC-Hoops-Mens-Indoor-Pickup-Basketball-in-Hunters-Point/events/285578911
49,DIR/Floortime based Autism Social Group Meetup,"Group name:
DIR/Floortime based Autism Social Group Meetup • New York, NY","THU, MAY 19 · 1:15 AM UTC+2",5 attendees,No place left,https://www.meetup.com/DIR-Floortime-based-Autism-Social-Group-Meetup/events/285888319
50,Free Chinese Class - 'Do you speak Chinese?',"Group name:
Free Chinese Classes • New York, NY","THU, MAY 19 · 1:30 AM UTC+2",12 attendees,No place left,https://www.meetup.com/free-chinese-classes/events/285773101
51,Learn Chinese: Do you speak Chinese?,"Group name:
Chinese Chat International • New York, NY","THU, MAY 19 · 1:30 AM UTC+2",5 attendees,No place left,https://www.meetup.com/chinese-chat/events/285853343
52,Monthly Dinner (Make new female friends),"Group name:
Mindful Gal Pals • Brooklyn, NY","THU, MAY 19 · 1:30 AM UTC+2",21 attendees,No place left,https://www.meetup.com/Mindful-Gal-Pals/events/285462049
53,A Post-Roe America? (a panelist discussion by legal experts),"Group name:
""The NYC Political Forum"" • New York, NY","THU, MAY 19 · 2:00 AM UTC+2",42 attendees,No place left,https://www.meetup.com/NYC-Politics/events/285803030
54,Keep The Pace Run Club Community Run,"Group name:
Keep The Pace Run Club • New York, NY","THU, MAY 19 · 1:15 PM UTC+2",7 attendees,No place left,https://www.meetup.com/keep-the-pace-run-club/events/285590146
55,Women in Data Science NYC @ Dataiku,"Group name:
Analytics & Data Science by Dataiku NY • New York, NY","THU, MAY 19 · 9:00 PM UTC+2",84 attendees,No place left,https://www.meetup.com/AnalyticsDataScienceDataikuNY/events/285277410
56,NYC Blockchain Networking Event - Monthly 3rd Thurs. - Blockchain Cryptocurrency,"Group name:
NYC Blockchain Network - Monthly 3rd Thursday Meetup • New York, NY","THU, MAY 19 · 11:00 PM UTC+2",176 attendees,No place left,https://www.meetup.com/nyc-blockchain-network-monthly-3rd-thursday-meetup/events/283992671
57,"Tech and Startup Networking Mixer (Tech, Drinks and Startups)","Group name:
Startup+ NYC • New York, NY","THU, MAY 19 · 11:00 PM UTC+2",64 attendees,No place left,https://www.meetup.com/startup-plus/events/285600469
58,Thursday evening Kadima Meetup (+ MOVIE),"Group name:
Adult UWS Kadima meet up • New York, NY","THU, MAY 19 · 11:30 PM UTC+2",19 attendees,No place left,https://www.meetup.com/New-York-City-UWS-Kadima-Meetup-Group/events/285846511
59,Robert Kosara: How to Show Ordinary Data in Extraordinary Ways,"Group name:
Data Visualization New York • New York, NY","FRI, MAY 20 · 12:00 AM UTC+2",171 attendees,No place left,https://www.meetup.com/DataVisualization/events/285428471
60,[VIRTUAL|SUG] How to Stop avoiding conflict and start building better teams,"Group name:
NYC Scrum User Group • New York, NY","FRI, MAY 20 · 12:00 AM UTC+2",47 attendees,No place left,https://www.meetup.com/NYC-Scrum-User-Group/events/283312744
61,Adult(ish) Game Night (Hybrid),"Group name:
Adult(ish) at the Valley Cottage Library • Valley Cottage, NY","FRI, MAY 20 · 12:00 AM UTC+2",27 attendees,3 spots left,https://www.meetup.com/7eb6a8ab-02ce-4f9c-a900-9b7935f4e052/events/284224672
62,BYOB: Custom Candle Making Experience,"Group name:
The Melanin Club- NYC • New York, NY","FRI, MAY 20 · 12:00 AM UTC+2",8 attendees,No place left,https://www.meetup.com/the-melanin-club-nyc/events/285606936
63,ScriptRunner – Let’s Unlock the Power of PowerShell across your organization,"Group name:
New York PowerShell Meetup • New York, NY","FRI, MAY 20 · 12:30 AM UTC+2",142 attendees,No place left,https://www.meetup.com/NycPowershellMeetup/events/285079314
64,Liberty Science Center Afterdark!!!!,"Group name:
50 By 50 Travel Wine And Dine And Amazing Times • Woodbridge, NJ","FRI, MAY 20 · 12:30 AM UTC+2",6 attendees,9 spots left,https://www.meetup.com/meetup-group-yaetucwl/events/285714746
65,Want to be happier and more confident?,"Group name:
Self-confidence NY NJ Meetup Group • New York, NY","FRI, MAY 20 · 1:00 AM UTC+2",285 attendees,No place left,https://www.meetup.com/self-confidence-ny-nj-meetup-group/events/285380389
66,Conversation w/ MLOps Industry Veteran Yuval Fernbach,"Group name:
MLOps NYC • New York, NY","FRI, MAY 20 · 1:00 AM UTC+2",42 attendees,No place left,https://www.meetup.com/MLOps-NYC/events/285703873
67,The Post-Office Girl - Stefan Zweig,"Group name:
Great Loves Book Club • New York, NY","FRI, MAY 20 · 1:00 AM UTC+2",23 attendees,No place left,https://www.meetup.com/Great-Loves-Book-Club/events/285408679
68,Happy Hour @ Smorgasbar,"Group name:
Jersey City Connects • Jersey City, NJ","FRI, MAY 20 · 1:00 AM UTC+2",82 attendees,No place left,https://www.meetup.com/jersey-city-connects/events/285645368
69,AMC NY/NJ 20s and 30s Spring Kickoff Social,"Group name:
Appalachian Mountain Club - Young Members • New York, NY","FRI, MAY 20 · 1:00 AM UTC+2",33 attendees,No place left,https://www.meetup.com/AMCYoungMembers/events/285634911
70,Understanding the War In Ukraine,"Group name:
The Network for Responsible Public Policy • Ridgewood, NJ","FRI, MAY 20 · 1:30 AM UTC+2",10 attendees,No place left,https://www.meetup.com/nfrpp-public-policy-forum-meetup-group/events/285675710
71,Thursday Evening 7vs7 Pickup,"Group name:
Socceroof LIC (Pickup, Events and more...) • Astoria, NY","FRI, MAY 20 · 3:00 AM UTC+2",21 attendees,No place left,https://www.meetup.com/SocceroofLIC/events/285606358
72,Successfully implementing the key elements of Data & Analytics Strategy,"Group name:
Data Science Festival - New York • New York, NY","FRI, MAY 20 · 2:00 PM UTC+2",24 attendees,No place left,https://www.meetup.com/Data-Science-Festival-New-York/events/285670172
73,Entrepreneurs Forum: Reemergence,"Group name:
New York Entrepreneurs • New York, NY","FRI, MAY 20 · 6:00 PM UTC+2",72 attendees,No place left,https://www.meetup.com/new-york-entrepreneurship-meetup-group/events/285745762
74,Introduction to NSR Meditation/East Coast,"Group name:
Introduction to NSR Meditation/East Coast • New York, NY","FRI, MAY 20 · 7:30 PM UTC+2",5 attendees,No place left,https://www.meetup.com/introduction-to-nsr-meditation-east-coast/events/285885668
75,"IN PERSON MEETUP: Free speech, Elon Musk, the ""Disinformation Governance Board""","Group name:
New York City IDW - NYC Intellectual Dark Web • New York, NY","FRI, MAY 20 · 11:30 PM UTC+2",15 attendees,No place left,https://www.meetup.com/new-york-idw-group/events/285592467
76,May 20 Entrepreneur Networking Party,"Group name:
NYC Entrepreneurs & Startups • New York, NY","FRI, MAY 20 · 11:30 PM UTC+2",15 attendees,No place left,https://www.meetup.com/meetup-group-denmnbrk/events/285751861
77,Touchdesigner NYC Meetup - IO edition,"Group name:
ZeroSpace XR/AR/VR Meetups • Brooklyn, NY","SAT, MAY 21 · 12:00 AM UTC+2",52 attendees,No place left,https://www.meetup.com/zerospace-meetups/events/285871847
78,Irish Music & Happy Hour,"Group name:
The New York Irish Pub Challenge Meetup • New York, NY","SAT, MAY 21 · 12:00 AM UTC+2",21 attendees,No place left,https://www.meetup.com/The-New-York-Irish-Pub-Challenge-Meetup/events/285629048
79,Friday happy hour - French conversation practice !,"Group name:
Gay French language practice • New York, NY","SAT, MAY 21 · 12:00 AM UTC+2",14 attendees,No place left,https://www.meetup.com/gay-french-language-practice/events/285874661
80,"INFP, Introverts, Shy and International Friends Hang out and Chat","Group name:
Brooklyn INFP, Introverts Meetup Group • Brooklyn, NY","SAT, MAY 21 · 1:00 AM UTC+2",25 attendees,No place left,https://www.meetup.com/brooklyn-infp-meetup-group/events/285683313
81,The Juggling Moms Club - Meet and Greet,"Group name:
The Juggling Moms Club Meetup Group • Woodbridge, NJ","SAT, MAY 21 · 1:00 AM UTC+2",10 attendees,No place left,https://www.meetup.com/the-juggling-moms-club-meetup-group/events/285768776
82,Meet and Greet - Introductions and Q&A,"Group name:
Math Pedagogy Group (Teachers, Tutors, and Math enthusiasts) • Bronx, NY","SAT, MAY 21 · 1:30 AM UTC+2",5 attendees,No place left,https://www.meetup.com/math-pedagogy-group-teachers-tutors-and-more/events/285809014
83,New York Dodgeball Pick up (in Chelsea!),"Group name:
New York Dodgeball • New York, NY","SAT, MAY 21 · 2:00 AM UTC+2",10 attendees,No place left,https://www.meetup.com/new-york-dodgeball/events/285363294
84,NYRR 2022 RBC Brooklyn Half,"Group name:
Dashing Whippets Running Team • New York, NY","SAT, MAY 21 · 1:00 PM UTC+2",58 attendees,No place left,https://www.meetup.com/dashing-whippets/events/282528678
85,Surf City - Opening Weekend - Ride out,"Group name:
NYC Pirates • Bronx, NY","SAT, MAY 21 · 2:00 PM UTC+2",13 attendees,No place left,https://www.meetup.com/NYC-Pirates/events/285439517
86,Second Saturday - Divorce Seminar,"Group name:
Second Saturday Divorce Seminar - Montclair • Montclair, NJ","SAT, MAY 21 · 3:00 PM UTC+2",66 attendees,No place left,https://www.meetup.com/second-saturday-divorce-seminar-montclair/events/284079586
87,Kathak - Kathak dancing by Radhika,"Group name:
Free Dance and Drama • Jersey City, NJ","SAT, MAY 21 · 3:00 PM UTC+2",8 attendees,No place left,https://www.meetup.com/indian-dance-and-drama/events/285768483
88,BFC Saturday May 14th game 10:45 am TBC,"Group name:
Brooklyn Football Club • Brooklyn, NY","SAT, MAY 21 · 4:45 PM UTC+2",8 attendees,6 spots left,https://www.meetup.com/meetup-group-sceopdbn/events/285932484
89,NYC Dance Parade!,"Group name:
NYC Hoop Troupe • New York, NY","SAT, MAY 21 · 5:00 PM UTC+2",18 attendees,No place left,https://www.meetup.com/nychooptroupe/events/284525743
90,NYC Photographers' Belated Anniversary: Central Park,"Group name:
NYC Photographers • New York, NY","SAT, MAY 21 · 5:00 PM UTC+2",48 attendees,No place left,https://www.meetup.com/NYC-Photographers/events/285530792
91,Yoga and Picnic in Central Park,"Group name:
Urban Nomad Outdoor Yoga in New York City's Parks • New York, NY","SAT, MAY 21 · 5:45 PM UTC+2",10 attendees,No place left,https://www.meetup.com/new-york-outdoor-yoga-meetup-group/events/285632389
92,PODWORK-The Podcast Network Conference,"Group name:
Podcasters of NewJersey • West Orange, NJ","SAT, MAY 21 · 6:00 PM UTC+2",13 attendees,No place left,https://www.meetup.com/Podcasters-of-NewJersey/events/284869303
93,Hometown Bar B Que. Let's Get Back to Normal....,"Group name:
3 Brown Chicks who Travel! • New York, NY","SAT, MAY 21 · 6:00 PM UTC+2",16 attendees,No place left,https://www.meetup.com/3-Brown-Chicks-who-TRAVEL/events/284790236
94,First Meeting,"Group name:
The Art of Community Conversation • New York, NY","SAT, MAY 21 · 7:00 PM UTC+2",26 attendees,No place left,https://www.meetup.com/the-art-of-community-conversation/events/285552346
95,Central Park Picnic,"Group name:
Big Apple Dinners, Brunches & Adventures (30s-50s) • New York, NY","SAT, MAY 21 · 7:00 PM UTC+2",19 attendees,5 spots left,https://www.meetup.com/big-apple-beauties-30s-50s/events/285475556
96,LBGTQ+ Women's Picnic,"Group name:
LGBTQ+ Women Social Group (Ages ≈21-40ish) • New York, NY","SAT, MAY 21 · 7:00 PM UTC+2",10 attendees,No place left,https://www.meetup.com/lgbtq-women-social-group-ages-20-40/events/285807405
97,D&D 5E World of Greyhawk: Take the Tower! Part 3,"Group name:
Online Monthly D&D Game Meetup Group • Brooklyn, NY","SAT, MAY 21 · 7:00 PM UTC+2",9 attendees,No place left,https://www.meetup.com/online-monthly-dnd-game-meetup-group/events/285466017
98,Vegan Take Out & Picnic in Prospect Park,"Group name:
Vegan Ventures • New York, NY","SAT, MAY 21 · 7:00 PM UTC+2",4 attendees,No place left,https://www.meetup.com/Vegan-Ventures/events/285680042
99,Brick Walls Over Brunch,"Group name:
The Irish / British Genealogy Group • New York, NY","SAT, MAY 21 · 8:00 PM UTC+2",12 attendees,No place left,https://www.meetup.com/The-Irish-British-Genealogy-Group/events/285216249
100,Lets Dine NYC : Grimaldis Pizza at Brooklyn Bridge Park,"Group name:
Let’s Dine NYC • New York, NY","SAT, MAY 21 · 9:15 PM UTC+2",23 attendees,No place left,https://www.meetup.com/let-s-dine-nyc/events/285362399
101,Archives Exposed,"Group name:
Archives Exposed Exhibit • New York, NY","SAT, MAY 21 · 10:00 PM UTC+2",28 attendees,No place left,https://www.meetup.com/archives-exposed-exhibit/events/285384608
102,Let's Play Softball! - Brooklyn Half Marathon Edition - May 21st,"Group name:
Central Park Saturday Afternoon Co-Ed Softball • New York, NY","SAT, MAY 21 · 10:00 PM UTC+2",24 attendees,No place left,https://www.meetup.com/Central-Park-Saturday-Afternoon-Co-Ed-Softball/events/285914681
103,Join the first Aging with Attitude meet up event!,"Group name:
Aging with Attitude Meetup Group • New York, NY","SAT, MAY 21 · 11:00 PM UTC+2",4 attendees,No place left,https://www.meetup.com/aging-with-attitude-meetup-group/events/284822803
104,Interactive BoardGames presents: Blood on the Clocktower,"Group name:
The Interactive Heroes • New York, NY","SUN, MAY 22 · 12:00 AM UTC+2",9 attendees,No place left,https://www.meetup.com/meetup-group-eyaqvekz/events/285730684
105,Who is preventing full E.T disclosure and why?,"Group name:
New York Ufo Research and Investigations Meetup Group • New York, NY","SUN, MAY 22 · 1:00 AM UTC+2",10 attendees,No place left,https://www.meetup.com/new-york-ufo-research-investigations-meetup-group/events/285774353
106,Sunday at The Metropolitan Museum of Art,"Group name:
Livin Your Best Life • Freehold, NJ","SUN, MAY 22 · 2:00 PM UTC+2",16 attendees,No place left,https://www.meetup.com/livin-your-best-life/events/284723997
107,Brompton Ride & Eat @ Smorgasburg,"Group name:
Brompton New York • New York, NY","SUN, MAY 22 · 4:00 PM UTC+2",40 attendees,No place left,https://www.meetup.com/BromptonNYC/events/285542140
108,Tarot Class With Anne & Spiritual Chat,"Group name:
Tarot Reading with Anne • Brooklyn, NY","SUN, MAY 22 · 4:00 PM UTC+2",9 attendees,No place left,https://www.meetup.com/thepsychicdancer/events/285652930
109,Gay/bi/trans Social event Brooklyn Botanic Garden,"Group name:
LGBTQIA BlazenArts Art Club • Brooklyn, NY","SUN, MAY 22 · 5:00 PM UTC+2",18 attendees,No place left,https://www.meetup.com/lgbtqia-bushwick-art-club/events/285342978
110,Normal People (Sally Rooney),"Group name:
Jersey City Brunch Book Club meetup • Jersey City, NJ","SUN, MAY 22 · 5:00 PM UTC+2",8 attendees,2 spots left,https://www.meetup.com/Jersey-City-Brunch-Book-Club-meetup/events/284744806
111,Brunch at The Cabin,"Group name:
New York's Female Brunch Club • New York, NY","SUN, MAY 22 · 5:00 PM UTC+2",13 attendees,7 spots left,https://www.meetup.com/new-yorks-female-brunch-club/events/285744728
112,Hoboken Community Bike Rides,"Group name:
Hoboken Bicycling Meetup • Hoboken, NJ","SUN, MAY 22 · 5:00 PM UTC+2",4 attendees,No place left,https://www.meetup.com/HobokenBicyclingMeetup/events/285619776
113,May 2022 Meetup,"Group name:
City Corgi Collective • New York, NY","SUN, MAY 22 · 6:00 PM UTC+2",11 attendees,No place left,https://www.meetup.com/city-corgi-collective/events/285669910
114,Halal Thai Food !!,"Group name:
NYC, LI, & NJ Desi/Middle Eastern Meetup • New York, NY","SUN, MAY 22 · 7:00 PM UTC+2",10 attendees,No place left,https://www.meetup.com/nyc-li-nj-desi-meetup/events/285826618
115,"""Drive Your Plow Over the Bones of the Dead,"" by Olga Tokarczuk","Group name:
The Millennialish Book Club • New York, NY","SUN, MAY 22 · 8:00 PM UTC+2",41 attendees,No place left,https://www.meetup.com/NYC-20-something-book-club/events/282104024
116,Discussion: Purpose,"Group name:
New York Interesting Conversations • New York, NY","SUN, MAY 22 · 8:00 PM UTC+2",30 attendees,No place left,https://www.meetup.com/new-york-conversations/events/285557050
117,Sunday Skate has returned!,"Group name:
Bronx Adult Skaters • Bronx, NY","SUN, MAY 22 · 8:00 PM UTC+2",8 attendees,No place left,https://www.meetup.com/bronx-adult-skaters/events/285608331
118,Picnic in Central Park,"Group name:
Gay Parenting - LGBT Future Parents • New York, NY","SUN, MAY 22 · 9:00 PM UTC+2",3 attendees,No place left,https://www.meetup.com/gay-parenting-lgbt-future-parents/events/285693902
119,Picknick im Freien,"Group name:
Gay German Conversation Group: Stammtisch • New York, NY","SUN, MAY 22 · 9:00 PM UTC+2",25 attendees,No place left,https://www.meetup.com/Gay-German-Conversation-Group-Stammtisch/events/285635411
120,Kool Weridos Merch Party,"Group name:
Kool Weridos • New York, NY","SUN, MAY 22 · 9:00 PM UTC+2",3 attendees,No place left,https://www.meetup.com/new-york-partying-meetup-group/events/285830166
121,Writer Friends Online Hangout,"Group name:
Passaic County Writer Friends • Montclair, NJ","SUN, MAY 22 · 10:00 PM UTC+2",5 attendees,No place left,https://www.meetup.com/montclair-writer-friends-meetup-group/events/285797757
122,Harlem Bitcoin Community Meetup .00000003 #BitcoinPizzaDay 🍕🍕,"Group name:
Harlem Bitcoin Community • New York, NY","SUN, MAY 22 · 11:00 PM UTC+2",36 attendees,No place left,https://www.meetup.com/harlem-bitcoin-community/events/285571266
123,TOPSPIN - The NYC Ping Pong Meetup Group,"Group name:
TOPSPIN - The NYC Ping Pong Meetup Group • New York, NY","SUN, MAY 22 · 11:00 PM UTC+2",64 attendees,No place left,https://www.meetup.com/topspin-the-new-york-ping-pong-meetup-group/events/285916242
124,May Classics Watch Party - The African Queen,"Group name:
The Morristown Movie & Dining (and More) Meetup Group! • Morristown, NJ","MON, MAY 23 · 1:00 AM UTC+2",9 attendees,No place left,https://www.meetup.com/movies-594/events/285441946
125,The Violin Conspiracy by Brendan Slocumb - Book Discussion,"Group name:
Not Your Bubbe’s Book Club • Merrick, NY","MON, MAY 23 · 1:00 AM UTC+2",13 attendees,No place left,https://www.meetup.com/meetup-group-vIEJNjur/events/284759980
126,Virtual Parliamentarians: Get Your Questions Answered on Parliamentary Procedure,"Group name:
VPs Parliamentary Procedure Study Group • New York, NY","MON, MAY 23 · 2:00 AM UTC+2",3 attendees,No place left,https://www.meetup.com/virtual-parliamentarians-study-group/events/284040264
127,Webinar: Stan Uryasev - Drawdown Beta and Portfolio Optimization,"Group name:
The Thalesians • New York, NY","MON, MAY 23 · 6:30 PM UTC+2",53 attendees,No place left,https://www.meetup.com/thalesians/events/285846682
128,"AMALFI VIRTUAL WALKING TOUR - The Pearl of the Amalfi Coast, Italy","Group name:
Italy Virtual Tours: Art, Culture & Beauty • New York, NY","MON, MAY 23 · 7:00 PM UTC+2",33 attendees,No place left,https://www.meetup.com/italy-virtual-tours/events/285492351
129,Understanding Fast American English Workshop,"Group name:
Let's Speak! English Conversation Club • Westfield, NJ","MON, MAY 23 · 11:00 PM UTC+2",17 attendees,No place left,https://www.meetup.com/lets-speak-english-conversation-club/events/285791074
130,Optimizing Transformer Models for Performance,"Group name:
Natural Language Processing • New York, NY","TUE, MAY 24 · 12:00 AM UTC+2",71 attendees,No place left,https://www.meetup.com/NY-NLP/events/285809087
131,Shopify Meetup New York,"Group name:
Shopify Meetup with Merchant Mastery • New York, NY","TUE, MAY 24 · 12:00 AM UTC+2",3 attendees,No place left,https://www.meetup.com/shopify-social-lite-meetup-group/events/285602141
132,Interfaithless Meetup,"Group name:
Interfaithless Meetup • New York, NY","TUE, MAY 24 · 12:30 AM UTC+2",18 attendees,No place left,https://www.meetup.com/interfaithless-meetup-group/events/284267030
133,New York Augmented Reality Meetup,"Group name:
New York Augmented Reality (NYAR) • New York, NY","TUE, MAY 24 · 12:30 AM UTC+2",45 attendees,No place left,https://www.meetup.com/new-york-augmented-reality/events/285487214
134,Sea of Tranquility by Emily St. John Mandel,"Group name:
Hugo and Nebula Award Winners Sci-fi Book Club Meetup • New York, NY","TUE, MAY 24 · 1:00 AM UTC+2",30 attendees,No place left,https://www.meetup.com/Hugo-and-Nebula-Award-Winners-Sci-fi-Book-Club-Meetup/events/285521019
135,JerseyPress: What to Do When You Outgrow Your WordPress Hosting Company,"Group name:
Bergen County WordPress Meetup • Paramus, NJ","TUE, MAY 24 · 1:00 AM UTC+2",5 attendees,No place left,https://www.meetup.com/Bergen-County-WordPress-Meetup/events/285719531
136,How to Make a Ridiculously Easy Second Income on Linkedin,"Group name:
The Nomadic Entrepreneur - New York • New York, NY","TUE, MAY 24 · 2:00 AM UTC+2",201 attendees,No place left,https://www.meetup.com/the-nomadic-entrepreneur-new-york/events/285613825
137,Real Estate Investors Breakfast Meetup @ Rockefeller - BRRRR METHOD,"Group name:
New York Real Estate Investing and Networking Group • New York, NY","TUE, MAY 24 · 3:00 PM UTC+2",19 attendees,9 spots left,https://www.meetup.com/new-york-real-estate-investing-and-networking-group/events/285156054
138,RSVP to join Red Hat’s Matt Hicks & our RHEL experts for a special RHUG event.,"Group name:
New York Red Hat User Group • New York, NY","TUE, MAY 24 · 4:00 PM UTC+2",14 attendees,No place left,https://www.meetup.com/NYRHUG-New-York-Red-Hat-Users-Group/events/285415669
139,Contributing to SciPy,"Group name:
Data Umbrella • New York, NY","TUE, MAY 24 · 6:00 PM UTC+2",50 attendees,No place left,https://www.meetup.com/data-umbrella/events/285571437
140,How to Really Network (Practical Lessons from a Succesfull Networker),"Group name:
Accelerate Career Skills and Networking Bootcamps • New York, NY","TUE, MAY 24 · 11:00 PM UTC+2",13 attendees,No place left,https://www.meetup.com/accelerate-career-skills-and-networking-bootcamps/events/285692564
141,NYVRAR Flagship Meetup- Understand VR/AR and The Metaverse,"Group name:
New York Virtual Reality VR and Augmented Reality AR • New York, NY","WED, MAY 25 · 12:00 AM UTC+2",23 attendees,No place left,https://www.meetup.com/new-york-virtual-reality-vr-augmented-reality-ar/events/285710126
142,NYCBG Main Josie Woods Meetup,"Group name:
New York City Backgammon • New York, NY","WED, MAY 25 · 12:00 AM UTC+2",31 attendees,No place left,https://www.meetup.com/nyc-bg/events/285638759
143,Azure Monitoring and Logging Best Practices - Presented by Scott Haglund,"Group name:
Microsoft Azure User Group - NYC • New York, NY","WED, MAY 25 · 12:00 AM UTC+2",21 attendees,No place left,https://www.meetup.com/AzureNYC/events/285716031
144,AWS NYC Meetup - Protecting against ransomware attacks,"Group name:
AWS New York | Official Meetup • New York, NY","WED, MAY 25 · 12:00 AM UTC+2",50 attendees,No place left,https://www.meetup.com/AWS-NYC/events/285855995
145,VIRTUAL | NYC FinOps May Meetup - FinOps as Career Path: Past and Future,"Group name:
New York City Cloud FinOps • New York, NY","WED, MAY 25 · 1:00 AM UTC+2",40 attendees,No place left,https://www.meetup.com/New-York-City-Cloud-FinOps/events/281735721
146,Washington Square by Henry James,"Group name:
Quixotic Book Club of New York City • New York, NY","WED, MAY 25 · 1:00 AM UTC+2",21 attendees,No place left,https://www.meetup.com/Quixotic-Book-Club-of-New-York-City/events/285398267
147,The Winter's Tale,"Group name:
Shakespeare Society • New York, NY","WED, MAY 25 · 1:00 AM UTC+2",21 attendees,No place left,https://www.meetup.com/The-Shakespeare-Book-Club/events/284573878
148,*In Person* Practice and improve your public speaking skills!,"Group name:
Greenspeakers Toastmasters Club - Practice Public Speaking • New York, NY","WED, MAY 25 · 1:00 AM UTC+2",23 attendees,No place left,https://www.meetup.com/greenspeakers/events/285443255
149,A Conversation with Caroline Le of Formerle Studio,"Group name:
Bergen County Motion Graphics Meetup • Rutherford, NJ","WED, MAY 25 · 1:00 AM UTC+2",8 attendees,No place left,https://www.meetup.com/Bergen-County-Motion-Graphics-Meetup/events/285790355
150,Speak Art Series,"Group name:
Underground Skills Exchange - (USE) • New York, NY","WED, MAY 25 · 1:30 AM UTC+2",1 attendee,No place left,https://www.meetup.com/underground-skills-exchange-use/events/285717300
151,Bookclub: God: A Human History by Reza Aslan,"Group name:
Leftist Book Club • New York, NY","WED, MAY 25 · 2:00 AM UTC+2",11 attendees,4 spots left,https://www.meetup.com/leftistbooks/events/285695672
152,Blockchain Decentralized finance (DeFi) -MasterClass,"Group name:
New York Emerging Technology Meetup • New York, NY","WED, MAY 25 · 4:00 PM UTC+2",42 attendees,No place left,https://www.meetup.com/new-york-emerging-technology-meetup/events/285590363
153,ESL Game: English on Your Feet!™,"Group name:
Lingo Parlor: Speak English like you mean it! • New York, NY","WED, MAY 25 · 8:00 PM UTC+2",24 attendees,No place left,https://www.meetup.com/lingoparlor/events/285705530
154,CUG Northeast. Camunda 8 in action,"Group name:
Camunda User Group Northeast, USA • New York, NY","WED, MAY 25 · 10:00 PM UTC+2",9 attendees,No place left,https://www.meetup.com/Camunda-User-Group-New-York/events/285365364
155,25th May Entrepreneurs Happy Hour,"Group name:
NYC Entrepreneurs coworking • New York, NY","WED, MAY 25 · 11:00 PM UTC+2",14 attendees,No place left,https://www.meetup.com/nyc-entrepreneurs-coworking/events/285842636
156,Community Kickoff Event,"Group name:
Work Reflection Community - Virtual • New York, NY","WED, MAY 25 · 11:30 PM UTC+2",10 attendees,No place left,https://www.meetup.com/work-reflection-community/events/285842581
157,Learn how to stop inadvertently amplifying your painful emotions and sensations,"Group name:
Evidence-Based Self-Help for Mental Struggles - New York • New York, NY","THU, MAY 26 · 12:00 AM UTC+2",68 attendees,No place left,https://www.meetup.com/evidence-based-self-help-for-mental-struggles-new-york/events/285567127
158,Business Over Fear,"Group name:
Young Entrepreneurs and Professionals Network • New York, NY","THU, MAY 26 · 12:00 AM UTC+2",40 attendees,No place left,https://www.meetup.com/Network4Biz/events/283987916
159,May Meeting - The Motion of Light in Water,"Group name:
Gay Men’s Book Club (Brooklyn) • Brooklyn, NY","THU, MAY 26 · 12:30 AM UTC+2",12 attendees,No place left,https://www.meetup.com/gay-men-s-book-club-brooklyn/events/285557486
160,Psychedelic Integration Circle at Carl Schurz,"Group name:
Psychedelic Integration for Women of Color • New York, NY","THU, MAY 26 · 12:30 AM UTC+2",4 attendees,No place left,https://www.meetup.com/psychedelic-integration-for-women-of-color/events/285676908
161,Befriend Your Anxiety,"Group name:
Befriending Your Anxiety • Brooklyn, NY","THU, MAY 26 · 1:00 AM UTC+2",444 attendees,No place left,https://www.meetup.com/befriending-your-anxiety/events/284820494
162,Prosecuting the Attempted Coup,"Group name:
Sending Trump to Prison • New York, NY","THU, MAY 26 · 1:00 AM UTC+2",21 attendees,No place left,https://www.meetup.com/why-life-imprison-trump/events/285151299
163,20somethings Creative Writing Zoom 'Sesh,"Group name:
20somethings Creative Writing Community • Astoria, NY","THU, MAY 26 · 1:00 AM UTC+2",24 attendees,No place left,https://www.meetup.com/20somethings-creative-writing-community/events/285662297
164,The Aeneid by Virgil (Books 1-3; 79 pages),"Group name:
The Labyrinth • New York, NY","THU, MAY 26 · 1:00 AM UTC+2",23 attendees,No place left,https://www.meetup.com/the-labyrinth/events/285271334
165,JavaScript Monthly Meetup,"Group name:
Long Island JavaScript • Huntington, NY","THU, MAY 26 · 1:00 AM UTC+2",37 attendees,No place left,https://www.meetup.com/long-island-javascript/events/284961497
166,Monthly Book Meeting: (The Power of Now),"Group name:
Professional Muslim Women • North Brunswick, NJ","THU, MAY 26 · 1:00 AM UTC+2",5 attendees,No place left,https://www.meetup.com/meetup-group-nawkkdrq/events/285396804
167,Monthly Discussion Group,"Group name:
Gabbing with Gays • New York, NY","THU, MAY 26 · 1:30 AM UTC+2",6 attendees,No place left,https://www.meetup.com/gabbing-with-gays/events/285831512
168,World Wide Wednesdays Language Exchange Kickoff!!,"Group name:
World Wide Wednesdays • Brooklyn, NY","THU, MAY 26 · 2:00 AM UTC+2",5 attendees,No place left,https://www.meetup.com/world-wide-wednesdays/events/285919125
169,PyMC Office Hours,"Group name:
PyMC Online Meetup • New York, NY","THU, MAY 26 · 3:00 PM UTC+2",13 attendees,No place left,https://www.meetup.com/pymc-online-meetup/events/285640500
170,Business Framework Drill - Startups and Franchise models.,"Group name:
Business resources and events • New York, NY","FRI, MAY 27 · 12:00 AM UTC+2",12 attendees,No place left,https://www.meetup.com/business-resources-and-events/events/285830246
171,Socratic Seminar 112,"Group name:
BitDevs NYC • New York, NY","FRI, MAY 27 · 12:45 AM UTC+2",48 attendees,No place left,https://www.meetup.com/BitDevsNYC/events/285798842
172,XM Cloud – A developer preview,"Group name:
NY Metro Sitecore User Group • New York, NY","FRI, MAY 27 · 1:00 AM UTC+2",17 attendees,No place left,https://www.meetup.com/NY-Metro-Sitecore-User-Group/events/285797283
173,Natalie Boucheix solo concert,"Group name:
Brooklyn Accordion Club • Brooklyn, NY","FRI, MAY 27 · 1:00 AM UTC+2",11 attendees,No place left,https://www.meetup.com/meetup-group-booosnyd/events/284679941
174,We're back! (again) - Bottoms Up: Home Sweet d.b.a.,"Group name:
Women Who Like Beer NYC • New York, NY","FRI, MAY 27 · 1:00 AM UTC+2",15 attendees,No place left,https://www.meetup.com/Women-Who-Like-Beer-NYC/events/285825669
175,The Rise and Fall of Comics,"Group name:
Comic Arts Workshop • New York, NY","FRI, MAY 27 · 1:30 AM UTC+2",50 attendees,No place left,https://www.meetup.com/comicarts/events/284807035
176,Finding the Right Relationship for You,"Group name:
Secret to happiness and confidence • Astoria, NY","FRI, MAY 27 · 2:00 AM UTC+2",14 attendees,No place left,https://www.meetup.com/secret-to-happiness-and-confidence/events/285704602
177,Hacker Nights May 2022,"Group name:
Hacker Nights • New York, NY","FRI, MAY 27 · 2:00 AM UTC+2",11 attendees,No place left,https://www.meetup.com/hackernights/events/285011741
178,Brooklyn Bridge Sunset Photo Trek,"Group name:
NYC Photo Treks • New York, NY","SAT, MAY 28 · 12:30 AM UTC+2",7 attendees,1 spot left,https://www.meetup.com/nyc-photo-treks/events/285780752
179,Let’s Start Running Again 😃🏃‍♀️🌈 (3 mile run),"Group name:
Lez Run • New York, NY","SAT, MAY 28 · 4:00 PM UTC+2",11 attendees,No place left,https://www.meetup.com/meetup-group-nVFSATuP/events/285404715
180,NYC WOMENS BOOTCAMP N' BRUNCH: A weekly Outdoor HIIT Workout - All SUMMER 2022,"Group name:
Outdoor Total Body HIIT Workout • New York, NY","SAT, MAY 28 · 4:30 PM UTC+2",4 attendees,No place left,https://www.meetup.com/https-www-instagram-com-steph-d-fit-hl-en/events/285611323
181,"Metaverse, Virtual Reality Tools and Techniques","Group name:
XR Learning and Storytelling • New York, NY","SAT, MAY 28 · 7:00 PM UTC+2",13 attendees,No place left,https://www.meetup.com/xr-learning/events/285580601
182,The Battery in Black and White,"Group name:
RLP Urban Photographer's Meetup • Brooklyn, NY","SAT, MAY 28 · 8:00 PM UTC+2",25 attendees,No place left,https://www.meetup.com/RLP-Urban-Photographers-Meetup/events/285666448
183,May Youtube & TikTok Creator Meetup,"Group name:
Youtube and TikTok New York Meetup Creator Group • New York, NY","SAT, MAY 28 · 8:00 PM UTC+2",15 attendees,No place left,https://www.meetup.com/youtube-tiktok-new-york-meetup-creator-group/events/285637412
184,Bowling - Let's Have Fun!,"Group name:
Christian Singles Connect — New York City • New York, NY","SAT, MAY 28 · 10:00 PM UTC+2",4 attendees,No place left,https://www.meetup.com/christian-singles-connect-new-york-city/events/285294991
185,Knit by Night First Meetup!,"Group name:
Knit by Night • New York, NY","SUN, MAY 29 · 12:00 AM UTC+2",24 attendees,No place left,https://www.meetup.com/knit-by-night/events/285765739
186,What's Your Story?,"Group name:
What's Your Story • New York, NY","SUN, MAY 29 · 1:00 AM UTC+2",19 attendees,No place left,https://www.meetup.com/meetup-group-nejscyoo/events/285708611
187,Grand Army Plaza to Greenpoint Library 5 easy miles,"Group name:
Shorewalkers: Members Only Group • New York, NY","SUN, MAY 29 · 5:00 PM UTC+2",92 attendees,No place left,https://www.meetup.com/shorewalkers-members-only/events/285813857
188,One Act Play Options - Decision Vote,"Group name:
Let's Put On A Play! • New York, NY","SUN, MAY 29 · 6:00 PM UTC+2",5 attendees,No place left,https://www.meetup.com/lets-put-on-a-play/events/285543778
189,Good Eatz @ Smorgasburg Prospect Park,"Group name:
KINGZ: A Black Gay Collective • New York, NY","SUN, MAY 29 · 7:00 PM UTC+2",14 attendees,No place left,https://www.meetup.com/KINGZ-A-Black-Gay-Collective/events/285200077
190,Opportunities for Artists,"Group name:
Artists In Business • New York, NY","MON, MAY 30 · 2:00 AM UTC+2",24 attendees,No place left,https://www.meetup.com/Artists-In-Business/events/280541121
191,Electronic Music Showcase at Wonderville,"Group name:
Brooklyn Experimental/Electronic Music Meetup • Brooklyn, NY","TUE, MAY 31 · 1:00 AM UTC+2",53 attendees,No place left,https://www.meetup.com/Brooklyn-Experimental-Electronic-Music-Meetup/events/284058887
192,First Wednesdays at the Old Stone House,"Group name:
Brooklyn Traditional Slow Jam • Brooklyn, NY","THU, JUN 2 · 12:15 AM UTC+2",13 attendees,No place left,https://www.meetup.com/Brooklyn-Traditional-Slow-Jam/events/285660273
193,Lady Susan by Jane Austen,"Group name:
Jane Austen Meetup- For Janeites and Newbies Alike! • New York, NY","FRI, JUN 3 · 1:00 AM UTC+2",10 attendees,1 spot left,https://www.meetup.com/Downtown-Jane-Austen-Meetup-For-Austenites/events/283432867
194,Explore the MOMA on Free Friday Nights!,"Group name:
Let's Just Have Fun • New Rochelle, NY","FRI, JUN 3 · 11:00 PM UTC+2",43 attendees,No place left,https://www.meetup.com/meetup-group-vrgvpdde/events/284250399
195,Hudson River Loop Walk,"Group name:
FreeWalkers • Morristown, NJ","SAT, JUN 4 · 2:00 PM UTC+2",45 attendees,No place left,https://www.meetup.com/FreeWalkers/events/284461004
196,30th annual Queens Pride of 2022 - Volunteers needed!,"Group name:
LGBTQ+ Social events for all! (Queens, NY) • Astoria, NY","SUN, JUN 5 · 2:00 PM UTC+2",8 attendees,No place left,https://www.meetup.com/astoria-queens-lgbtq-social-events-and-gatherings/events/284986007
197,Around Manhattan Brunch cruise,"Group name:
Queens let's meet up Happy hour Fridays • Jamaica, NY","SUN, JUN 5 · 4:00 PM UTC+2",5 attendees,2 spots left,https://www.meetup.com/queens-lets-meet-up-happy-hour-fridays/events/284884925
198,Afternoon Tea☕️ at bluebird london,"Group name:
High Tea & Brunch For Interesting NYC Ladies (30-40s) • New York, NY","SUN, JUN 5 · 7:00 PM UTC+2",8 attendees,No place left,https://www.meetup.com/high-tea-%EF%B8%8F-brunch-for-interesting-nyc-ladies-30-40s/events/285695437
199,"Small Group: First Time Vocalists Only – Monday, 6/6 6pm [2.5 hours]","Group name:
New York Vocal Jazz Meetup Group • New York, NY","TUE, JUN 7 · 12:00 AM UTC+2",4 attendees,5 spots left,https://www.meetup.com/New-York-Vocal-Jazz-Meetup-Group/events/285632006
